-- 菜谱数据初始化脚本
-- 这个脚本用于初始化菜谱数据及相关的步骤、标签、配料等信息

-- 删除现有菜谱数据
DELETE FROM recipe_ingredients;
DELETE FROM recipe_steps;
DELETE FROM recipe_tags;
DELETE FROM recipe_tips;
DELETE FROM recipe_pairings;
DELETE FROM recipes;

-- 插入菜谱基本信息
-- 1. 西红柿炒鸡蛋
INSERT INTO recipes (
  id, name, weight, prep_time, cook_time, total_time, 
  storage, difficulty, calories, protein, fat, carbs,
  vitamins, minerals, favorite, rating, review_count,
  image, description
) VALUES (
  '11111111-1111-1111-1111-111111111111',
  '西红柿炒鸡蛋',
  '300g',
  '5分钟',
  '5分钟',
  '10分钟',
  '冷藏1天',
  '简单',
  220,
  '12g',
  '15g',
  '8g',
  'A, C',
  '钾, 铁',
  true,
  4.8,
  128,
  'tomato-egg.jpg',
  '经典家常菜，酸甜可口，营养丰富，制作简单快捷。鲜嫩的鸡蛋与酸甜的西红柿完美结合，口感丰富，老少皆宜。'
);

-- 西红柿炒鸡蛋的标签
INSERT INTO recipe_tags (recipe_id, tag) VALUES
('11111111-1111-1111-1111-111111111111', '快手菜'),
('11111111-1111-1111-1111-111111111111', '家常菜'),
('11111111-1111-1111-1111-111111111111', '营养均衡');

-- 西红柿炒鸡蛋的步骤
INSERT INTO recipe_steps (recipe_id, step_number, description, time, tip) VALUES
('11111111-1111-1111-1111-111111111111', 1, '准备食材：西红柿洗净切块，葱切葱花，大蒜切末', '2分钟', '西红柿切成大小均匀的块状，便于均匀受热'),
('11111111-1111-1111-1111-111111111111', 2, '打鸡蛋入碗中，加少许盐搅拌均匀', '1分钟', '充分搅打可使蛋液更蓬松'),
('11111111-1111-1111-1111-111111111111', 3, '热锅凉油，倒入蛋液，小火煎至半熟，用铲子划散成小块，盛出备用', '2分钟', '鸡蛋不要煎得太老，保持嫩滑口感'),
('11111111-1111-1111-1111-111111111111', 4, '锅中留底油，放入蒜末爆香，加入西红柿块翻炒至出汁', '2分钟', '中火翻炒，让西红柿充分出汁但不至于太软'),
('11111111-1111-1111-1111-111111111111', 5, '加入适量盐和白糖调味，倒入炒好的鸡蛋，大火快速翻炒均匀', '1分钟', '加入白糖可以中和西红柿的酸味，使口感更加丰满'),
('11111111-1111-1111-1111-111111111111', 6, '撒上葱花，出锅装盘即可', '1分钟', '葱花最后放，保持香味和色彩');

-- 西红柿炒鸡蛋的食材
INSERT INTO recipe_ingredients (recipe_id, ingredient_name) VALUES
('11111111-1111-1111-1111-111111111111', '西红柿'),
('11111111-1111-1111-1111-111111111111', '鸡蛋'),
('11111111-1111-1111-1111-111111111111', '油'),
('11111111-1111-1111-1111-111111111111', '盐'),
('11111111-1111-1111-1111-111111111111', '大蒜');

-- 西红柿炒鸡蛋的烹饪提示
INSERT INTO recipe_tips (recipe_id, tip) VALUES
('11111111-1111-1111-1111-111111111111', '鸡蛋不要煎得太老，保持嫩滑口感'),
('11111111-1111-1111-1111-111111111111', '可以根据个人口味调整酸甜度'),
('11111111-1111-1111-1111-111111111111', '加入白糖可以中和西红柿的酸味，使口感更加丰满'),
('11111111-1111-1111-1111-111111111111', '如果喜欢更浓郁的味道，可以加入少许蚝油');

-- 西红柿炒鸡蛋的搭配建议
INSERT INTO recipe_pairings (recipe_id, pairing) VALUES
('11111111-1111-1111-1111-111111111111', '米饭'),
('11111111-1111-1111-1111-111111111111', '馒头'),
('11111111-1111-1111-1111-111111111111', '面条');

-- 2. 香煎三文鱼
INSERT INTO recipes (
  id, name, weight, prep_time, cook_time, total_time, 
  storage, difficulty, calories, protein, fat, carbs,
  vitamins, minerals, favorite, rating, review_count,
  image, description
) VALUES (
  '22222222-2222-2222-2222-222222222222',
  '香煎三文鱼',
  '250g',
  '5分钟',
  '10分钟',
  '15分钟',
  '不宜存放',
  '中等',
  350,
  '28g',
  '22g',
  '0g',
  'D, B12',
  '钾, 硒',
  true,
  4.9,
  86,
  'salmon.jpg',
  '鲜嫩多汁的三文鱼，搭配简单的调味，完美保留了食材的原味。外皮酥脆，肉质鲜嫩，是一道营养价值极高的美味。'
);

-- 香煎三文鱼的标签
INSERT INTO recipe_tags (recipe_id, tag) VALUES
('22222222-2222-2222-2222-222222222222', '海鲜'),
('22222222-2222-2222-2222-222222222222', '高蛋白'),
('22222222-2222-2222-2222-222222222222', '低碳水');

-- 香煎三文鱼的步骤
INSERT INTO recipe_steps (recipe_id, step_number, description, time, tip) VALUES
('22222222-2222-2222-2222-222222222222', 1, '三文鱼用厨房纸擦干水分，撒上适量盐和黑胡椒', '2分钟', '擦干水分可以让煎制时更容易上色'),
('22222222-2222-2222-2222-222222222222', 2, '平底锅中倒入适量橄榄油，中火加热', '1分钟', '油温要适中，不要太热'),
('22222222-2222-2222-2222-222222222222', 3, '放入三文鱼，皮朝下煎制至金黄色', '4分钟', '不要频繁翻动，让鱼皮充分煎至酥脆'),
('22222222-2222-2222-2222-222222222222', 4, '翻面继续煎制至七分熟', '3分钟', '根据厚度调整时间，避免煎过头'),
('22222222-2222-2222-2222-222222222222', 5, '装盘前挤上柠檬汁提味', '1分钟', '柠檬汁可以中和鱼的腥味，提升口感');

-- 香煎三文鱼的食材
INSERT INTO recipe_ingredients (recipe_id, ingredient_name) VALUES
('22222222-2222-2222-2222-222222222222', '三文鱼'),
('22222222-2222-2222-2222-222222222222', '油'),
('22222222-2222-2222-2222-222222222222', '盐'),
('22222222-2222-2222-2222-222222222222', '胡椒'),
('22222222-2222-2222-2222-222222222222', '柠檬');

-- 香煎三文鱼的烹饪提示
INSERT INTO recipe_tips (recipe_id, tip) VALUES
('22222222-2222-2222-2222-222222222222', '选择新鲜的三文鱼，肉质要紧实有弹性'),
('22222222-2222-2222-2222-222222222222', '煎制时保持中火，避免外焦内生'),
('22222222-2222-2222-2222-222222222222', '可以搭配芦笋或西兰花等绿色蔬菜'),
('22222222-2222-2222-2222-222222222222', '建议七分熟，保持鱼肉的嫩滑口感');

-- 香煎三文鱼的搭配建议
INSERT INTO recipe_pairings (recipe_id, pairing) VALUES
('22222222-2222-2222-2222-222222222222', '芦笋'),
('22222222-2222-2222-2222-222222222222', '西兰花'),
('22222222-2222-2222-2222-222222222222', '藜麦');

-- 3. 炝炒土豆丝
INSERT INTO recipes (
  id, name, weight, prep_time, cook_time, total_time, 
  storage, difficulty, calories, protein, fat, carbs,
  vitamins, minerals, favorite, rating, review_count,
  image, description
) VALUES (
  '33333333-3333-3333-3333-333333333333',
  '炝炒土豆丝',
  '250g',
  '10分钟',
  '5分钟',
  '15分钟',
  '冷藏2天',
  '中等',
  180,
  '3g',
  '5g',
  '30g',
  'B6, C',
  '钾, 镁',
  false,
  4.5,
  85,
  'potato.jpg',
  '香脆可口的经典家常菜，土豆丝炒制酥脆，微辣开胃，是下饭的好选择。'
);

-- 炝炒土豆丝的标签
INSERT INTO recipe_tags (recipe_id, tag) VALUES
('33333333-3333-3333-3333-333333333333', '家常菜'),
('33333333-3333-3333-3333-333333333333', '素食');

-- 炝炒土豆丝的步骤
INSERT INTO recipe_steps (recipe_id, step_number, description, time, tip) VALUES
('33333333-3333-3333-3333-333333333333', 1, '土豆去皮，切成细丝，用冷水浸泡去除淀粉', '5分钟', '土豆丝要切得均匀，这样才能保证受热一致'),
('33333333-3333-3333-3333-333333333333', 2, '大蒜切末，干辣椒切段', '2分钟', '蒜末不要太碎，避免容易焦糊'),
('33333333-3333-3333-3333-333333333333', 3, '沥干土豆丝的水分', '1分钟', '水分要沥干，否则不容易炒脆'),
('33333333-3333-3333-3333-333333333333', 4, '热锅倒油，放入蒜末和干辣椒爆香', '1分钟', '火候要快，避免蒜末焦糊'),
('33333333-3333-3333-3333-333333333333', 5, '倒入土豆丝快速翻炒，加盐调味', '5分钟', '保持大火快炒，这样土豆丝才会脆嫩'),
('33333333-3333-3333-3333-333333333333', 6, '等土豆丝变软且略带焦边时，即可出锅', '1分钟', '注意观察土豆丝的状态，不要炒过头');

-- 炝炒土豆丝的食材
INSERT INTO recipe_ingredients (recipe_id, ingredient_name) VALUES
('33333333-3333-3333-3333-333333333333', '土豆'),
('33333333-3333-3333-3333-333333333333', '大蒜'),
('33333333-3333-3333-3333-333333333333', '干辣椒'),
('33333333-3333-3333-3333-333333333333', '油'),
('33333333-3333-3333-3333-333333333333', '盐');

-- 炝炒土豆丝的烹饪提示
INSERT INTO recipe_tips (recipe_id, tip) VALUES
('33333333-3333-3333-3333-333333333333', '土豆丝切得越细越好，保证均匀熟透'),
('33333333-3333-3333-3333-333333333333', '炒制过程中保持大火，使土豆丝快速脱水'),
('33333333-3333-3333-3333-333333333333', '如果喜欢酸味，可以加入少许醋提味');

-- 炝炒土豆丝的搭配建议
INSERT INTO recipe_pairings (recipe_id, pairing) VALUES
('33333333-3333-3333-3333-333333333333', '米饭'),
('33333333-3333-3333-3333-333333333333', '馒头'); 